index,original,public_file,topic,description,sanitized,sha256
1,image(20260926-093205).png,001-image-20260926-093205.png,Azure Monitor / Sentinel Connector Setup,Microsoft Sentinel content/solution search for Windows security integration,Yes,82dda38360b632ed
2,image(20260926-093420).png,002-image-20260926-093420.png,Azure Monitor / Sentinel Connector Setup,Windows Security Events solution shown as installed,Yes,72d2c2c53323ae48
3,image(20260926-093740).png,003-image-20260926-093740.png,Azure Monitor / Sentinel Connector Setup,Windows Security Events via AMA connector details,Yes,4add1737cee12ab8
4,image(20260926-094016).png,004-image-20260926-094016.png,Azure Monitor / Sentinel Connector Setup,Data Collection Rule wizard - security event collection selection,Yes,396af6a371830cc5
5,image(20260926-094138).png,005-image-20260926-094138.png,Azure Monitor / Sentinel Connector Setup,DCR resource selection for DC01,No special redaction,167d3d97dc9a7fce
6,image(20260926-094347).png,006-image-20260926-094347.png,Azure Monitor / Sentinel Connector Setup,Azure notifications confirming connector/DCR-related creation steps,Yes,baf0c85b84bbc008
7,image(20260926-094959).png,007-image-20260926-094959.png,Azure Monitor / Sentinel Connector Setup,Windows Security Events content details,Yes,a36adddb2ee5c182
8,image(20260926-095220).png,008-image-20260926-095220.png,Azure Monitor / Sentinel Connector Setup,Connector configuration / table management for SecurityEvent,Yes,45a9424fae6ab2e1
9,image(20260926-095435).png,009-image-20260926-095435.png,Initial KQL / Ingestion Validation,Initial Advanced Hunting query before telemetry appeared,Yes,9676b7071bc1ae03
10,image(20260926-095729).png,010-image-20260926-095729.png,Initial KQL / Ingestion Validation,SecurityEvent validation query with no results during early setup,Yes,c8a25465839836b3
11,image(20260926-100042).png,011-image-20260926-100042.png,Initial KQL / Ingestion Validation,Second early KQL validation attempt with no results,Yes,525467f3d4b10f4e
12,image(20260926-101047).png,012-image-20260926-101047.png,AMA Extension Troubleshooting,PowerShell service check for Guest Configuration / extension services,Yes,7eea97433deb47f4
13,image(20260926-101256).png,013-image-20260926-101256.png,AMA Extension Troubleshooting,Repeated extension service validation,Yes,0f8dff8f3226b60e
14,image(20260926-101749).png,014-image-20260926-101749.png,AMA Extension Troubleshooting,Azure Arc DC01 extension deployment view,Yes,9ccc8c9ef67b61c1
15,image(20260926-101900).png,015-image-20260926-101900.png,AMA Extension Troubleshooting,Azure Monitor Agent extension in Creating state,Yes,a15b54d553af02e2
16,image(20260926-102357).png,016-image-20260926-102357.png,AMA Extension Troubleshooting,AMA extension still creating during troubleshooting,Yes,46a6f97ab695cf4b
17,image(20260926-103213).png,017-image-20260926-103213.png,AMA Extension Troubleshooting,AMA extension state/log output showing failure details,No special redaction,1942237f21e5a331
18,image(20260926-104412).png,018-image-20260926-104412.png,AMA Extension Troubleshooting,Guest Configuration extension-manager logs used for troubleshooting,Yes,b32ee399bab1dd5c
19,image(20260926-110151).png,019-image-20260926-110151.png,AMA Extension Troubleshooting,Azure portal extension deployment retry / creating state,Yes,09c11ad3398f874e
20,image(20260926-114303).png,020-image-20260926-114303.png,AMA Extension Troubleshooting,Azure Monitor Agent extension succeeded,Yes,6765c6a34f288bf9
21,image(20260926-114705).png,021-image-20260926-114705.png,Windows SecurityEvent Validation,SecurityEvent ingestion confirmed in Microsoft Sentinel,Yes,aa1e92615bff9d23
22,image(20260926-114813).png,022-image-20260926-114813.png,Windows SecurityEvent Validation,Windows Security event counts grouped by Event ID,Yes,517a58af89fa118f
23,image(20260926-114918).png,023-image-20260926-114918.png,Windows SecurityEvent Validation,Failed-logon fields inspected in SecurityEvent,Yes,c82b636d9d461938
24,image(20260926-120216).png,024-image-20260926-120216.png,Windows SecurityEvent Validation,Windows client net use authentication test against DC01,Yes,ac3763b4cd30eced
25,image(20260926-120732).png,025-image-20260926-120732.png,Windows SecurityEvent Validation,Event 4625 failed-logon detail in Sentinel,Yes,16ec0476d530229b
26,image(20260926-123558).png,026-image-20260926-123558.png,Windows SecurityEvent Validation,Repeated failed-logon summary by account/source,Yes,05948f406865163d
27,image(20260926-123859).png,027-image-20260926-123859.png,Detection Rule 1 - Repeated Failed Logons,Analytics Rule wizard - Repeated Failed Logons general settings,Yes,3f755f5fd50156bf
28,image(20260926-124143).png,028-image-20260926-124143.png,Detection Rule 1 - Repeated Failed Logons,MITRE ATT&CK tactic selection for failed-logon detection,Yes,092fda07105204f6
29,image(20260926-124324).png,029-image-20260926-124324.png,Detection Rule 1 - Repeated Failed Logons,Scheduled analytics rule KQL logic,Yes,e985899a37fbb09f
30,image(20260926-124542).png,030-image-20260926-124542.png,Detection Rule 1 - Repeated Failed Logons,Analytics rule query scheduling settings,No special redaction,5bf064230690ef16
31,image(20260926-125045).png,031-image-20260926-125045.png,Detection Rule 1 - Repeated Failed Logons,Alert enrichment / custom detail configuration,No special redaction,56d685425254d0cc
32,image(20260926-125641).png,032-image-20260926-125641.png,Detection Rule 1 - Repeated Failed Logons,Entity mapping configuration for account/network fields,Yes,b7b0a7d49c61c222
33,image(20260926-130007).png,033-image-20260926-130007.png,Detection Rule 1 - Repeated Failed Logons,Entity-mapping validation / correction during rule creation,No special redaction,547eb6fc9c98c5c5
34,image(20260926-130712).png,034-image-20260926-130712.png,Detection Rule 1 - Repeated Failed Logons,Repeated Failed Logons analytics rule active,Yes,429060d5ad502158
35,image(20260926-163130).png,035-image-20260926-163130.png,Detection Rule 1 - Repeated Failed Logons,Incidents view before/while waiting for first custom incident,Yes,bc00b671bce5b5c7
36,image(20260926-163331).png,036-image-20260926-163331.png,Failed Logon Simulation and Incident #1,PowerShell account / lockout state validation during failed-logon testing,Yes,90a6d7eaf0bd51ad
37,image(20260926-164053).png,037-image-20260926-164053.png,Failed Logon Simulation and Incident #1,Controlled failed-password generation with net use from Windows 10,Yes,15ba24c9604a5e99
38,image(20260926-164320).png,038-image-20260926-164320.png,Failed Logon Simulation and Incident #1,Event 4625 query showing failed attempts from the client,Yes,81987b60a9303e98
39,image(20260926-164353).png,039-image-20260926-164353.png,Failed Logon Simulation and Incident #1,KQL summary showing repeated failures for soc-test,Yes,66bfee32a6896625
40,image(20260926-164728).png,040-image-20260926-164728.png,Failed Logon Simulation and Incident #1,Incident queue showing the first failed-logon incident,Yes,98529a304c30bb2e
41,image(20260926-164758).png,041-image-20260926-164758.png,Failed Logon Simulation and Incident #1,Incident #1 - Repeated Failed Logons overview,Yes,bbf05e46ca10d4f5
42,image(20260926-165252).png,042-image-20260926-165252.png,Failed Logon Simulation and Incident #1,Incident #1 alert details and rule description,Yes,dc426d79fe0eaff3
43,image(20260926-165338).png,043-image-20260926-165338.png,Failed Logon Simulation and Incident #1,Incident #1 related events / analytics details,Yes,df4738db3f55e4cd
44,image(20260926-165653).png,044-image-20260926-165653.png,Failed Logon Simulation and Incident #1,Manage alert - classification workflow,Yes,bf0a0bf031a18cc1
45,image(20260926-165933).png,045-image-20260926-165933.png,Failed Logon Simulation and Incident #1,Alert marked resolved/classified after authorized test,Yes,a3cfce2a7369c816
46,image(20260926-170239).png,046-image-20260926-170239.png,Failed Logon Simulation and Incident #1,Incident alert details with related event information,Yes,a2aa08477495b2ae
47,image(20260926-170535).png,047-image-20260926-170535.png,Failed Logon Simulation and Incident #1,Manage incident - final resolution/classification,Yes,80bdbd98c41694e9
48,image(20260926-172740).png,048-image-20260926-172740.png,Sysmon Installation and Local Validation,Pre-install Sysmon service and driver check,No special redaction,f9ee15b064c3449d
49,image(20260926-172954).png,049-image-20260926-172954.png,Sysmon Installation and Local Validation,"Create C:\Tools\Sysmon, download Sysmon.zip, extract and list files",No special redaction,c35ea7dfb3753e34
50,image(20260926-173216).png,050-image-20260926-173216.png,Sysmon Installation and Local Validation,Review the custom sysmonconfig.xml file,No special redaction,273fe781aea4c546
51,image(20260926-173635).png,051-image-20260926-173635.png,Sysmon Installation and Local Validation,Build/save Sysmon configuration and validate XML schema version,No special redaction,f949bd57d839ed35
52,image(20260926-173801).png,052-image-20260926-173801.png,Sysmon Installation and Local Validation,Install Sysmon64 and verify service plus local Operational log,No special redaction,71535efbb4a14f51
53,image(20260926-173936).png,053-image-20260926-173936.png,Sysmon Installation and Local Validation,Local Sysmon event validation with Get-WinEvent,No special redaction,ef54e8495f2a85ff
54,image(20260926-174503).png,054-image-20260926-174503.png,Sysmon DCR / Azure Monitor Setup,Create Data Collection Rule - select DC01 as monitored resource,Yes,bd7c304a074a6222
55,image(20260926-174521).png,055-image-20260926-174521.png,Sysmon DCR / Azure Monitor Setup,DCR destination set to Log Analytics workspace,Yes,2197b089d29c9c49
56,image(20260926-175019).png,056-image-20260926-175019.png,Sysmon DCR / Azure Monitor Setup,Local Get-WinEvent validation for selected Sysmon event IDs,No special redaction,becdbe79924d3b51
57,image(20260926-175411).png,057-image-20260926-175411.png,Sysmon DCR / Azure Monitor Setup,Initial Sysmon DCR deployment failure,Yes,5e8f5a1029a06bdf
58,image(20260926-175633).png,058-image-20260926-175633.png,Sysmon DCR / Azure Monitor Setup,DCR overview showing resource/data-flow relationship,Yes,cd2f5ba97c98e702
59,image(20260926-180025).png,059-image-20260926-180025.png,Sysmon DCR / Azure Monitor Setup,Successful DCR deployment,Yes,981c1d59895cd45d
60,image(20260926-180824).png,060-image-20260926-180824.png,Sysmon / KQL Telemetry Exploration,First Sysmon events visible in Microsoft Sentinel,Yes,612c817d54964995
61,image(20260926-180945).png,061-image-20260926-180945.png,Sysmon / KQL Telemetry Exploration,Sysmon Event ID counts in Sentinel,Yes,f77061b380c3fce2
62,image(20260926-181113).png,062-image-20260926-181113.png,Sysmon / KQL Telemetry Exploration,Raw Sysmon Process Create events in Advanced Hunting,Yes,cb0fd476cfedd84e
63,image(20260926-182716).png,063-image-20260926-182716.png,Sysmon / KQL Telemetry Exploration,Parsed Sysmon process fields such as image/command line/parent,Yes,2f7a8dd8d4ced7d5
64,image(20260926-182956).png,064-image-20260926-182956.png,Sysmon / KQL Telemetry Exploration,Process image inventory from Sysmon telemetry,Yes,65cd0bd60497e647
65,image(20260926-183043).png,065-image-20260926-183043.png,Sysmon / KQL Telemetry Exploration,Early suspicious PowerShell hunt returning no rows,Yes,684cfb262b2b142d
66,image(20260926-183311).png,066-image-20260926-183311.png,Sysmon / KQL Telemetry Exploration,Alternative PowerShell detection query before matching activity existed,Yes,b18c388780941318
67,image(20260926-183443).png,067-image-20260926-183443.png,Sysmon / KQL Telemetry Exploration,Process creation telemetry after controlled command execution,Yes,cc5db09cb85a9df7
68,image(20260926-183604).png,068-image-20260926-183604.png,Sysmon / KQL Telemetry Exploration,Parsed Sysmon process and command-line results,Yes,c8b0233cc2b07de7
69,image(20260926-184107).png,069-image-20260926-184107.png,Sysmon / KQL Telemetry Exploration,PowerShell process event isolated in Sentinel,Yes,ae46af613ae932ed
70,image(20260926-184245).png,070-image-20260926-184245.png,Sysmon / KQL Telemetry Exploration,Parent/child process telemetry used for investigation,Yes,b4d04a581a6b8686
71,image(20260926-184508).png,071-image-20260926-184508.png,Sysmon / KQL Telemetry Exploration,Sysmon network-connection event investigation,Yes,a36d329db3664ef9
72,image(20260926-184623).png,072-image-20260926-184623.png,Sysmon / KQL Telemetry Exploration,Network telemetry fields including source/destination information,Yes,4b371e36cb870b91
73,image(20260926-184727).png,073-image-20260926-184727.png,Sysmon / KQL Telemetry Exploration,DNS-query-related Sysmon analysis,Yes,e4f39b102b706e7a
74,image(20260926-184843).png,074-image-20260926-184843.png,Sysmon / KQL Telemetry Exploration,Additional parsed process/network telemetry exploration,Yes,5180b02aa204591d
75,image(20260926-185012).png,075-image-20260926-185012.png,Sysmon / KQL Telemetry Exploration,Additional target/source telemetry exploration,Yes,73a7cde5be9820c7
76,image(20260926-185134).png,076-image-20260926-185134.png,Sysmon / KQL Telemetry Exploration,Timeline visualization of Sysmon activity,Yes,ca9b993973dc6c29
77,image(20260926-185234).png,077-image-20260926-185234.png,Sysmon / KQL Telemetry Exploration,Browser/network telemetry investigation,Yes,461a8efda5b53488
78,image(20260926-185819).png,078-image-20260926-185819.png,Sysmon / KQL Telemetry Exploration,File creation telemetry investigation,Yes,918d3689aed8884e
79,image(20260926-190229).png,079-image-20260926-190229.png,Sysmon / KQL Telemetry Exploration,Registry telemetry investigation,Yes,7e07f1396d5eaca1
80,image(20260926-190339).png,080-image-20260926-190339.png,Sysmon / KQL Telemetry Exploration,Active Directory security event query during telemetry exploration,Yes,02dadf27d085b8b8
81,image(20260926-190636).png,081-image-20260926-190636.png,Sysmon / KQL Telemetry Exploration,"Controlled telemetry generation: whoami, PowerShell, Run key and AD group activity",No special redaction,c8a8b7b914c074d3
82,image(20260926-190837).png,082-image-20260926-190837.png,Sysmon / KQL Telemetry Exploration,Identity/security-event validation query,No special redaction,7598386c9f610179
83,image(20260926-191242).png,083-image-20260926-191242.png,Azure Security Cleanup and Arc Verification,Azure subscription IAM showing temporary service-principal Contributor access,Yes,fbb23eb65209c67d
84,image(20260926-191356).png,084-image-20260926-191356.png,Azure Security Cleanup and Arc Verification,Azure subscription IAM after temporary access cleanup,Yes,252a813b17fcd4a9
85,image(20260926-191540).png,085-image-20260926-191540.png,Azure Security Cleanup and Arc Verification,App registration Certificates & secrets showing zero client secrets,Yes,58ac8bbb40685328
86,image(20260926-191651).png,086-image-20260926-191651.png,Azure Security Cleanup and Arc Verification,azcmagent show confirming DC01 connected to Azure Arc (IDs redacted in public copy),Yes,2da2bd731635ffc1
87,image(20260926-191807).png,087-image-20260926-191807.png,Detection Rule 2 - New AD User,PowerShell cleanup checks for test AD group and registry value,No special redaction,f6c135785c022659
88,image(20260926-191907).png,088-image-20260926-191907.png,Detection Rule 2 - New AD User,badPwdCount / LockedOut state check for lab accounts,No special redaction,5822a7eb79278c5f
89,image(20260926-192852).png,089-image-20260926-192852.png,Detection Rule 2 - New AD User,Notification confirming New Active Directory User analytics rule saved,Yes,fffd29b6391f517e
90,image(20260926-193520).png,090-image-20260926-193520.png,Detection Rule 2 - New AD User,Event ID 4720 query returning controlled account creation,Yes,a0b5c798cd6846a4
91,image(20260926-194011).png,091-image-20260926-194011.png,Detection Rule 2 - New AD User,Incident queue showing New AD User incident,Yes,d4a4b5578faa9491
92,image(20260926-194245).png,092-image-20260926-194245.png,Detection Rule 2 - New AD User,Incident #2 - New AD User created overview,Yes,568df549f87df8c5
93,image(20260926-194414).png,093-image-20260926-194414.png,Detection Rule 2 - New AD User,Incident #2 alert details,Yes,5d575893b2d2a6d0
94,image(20260926-194825).png,094-image-20260926-194825.png,Detection Rule 2 - New AD User,Incident list after resolving controlled New AD User test,Yes,34d891461a143714
95,image(20260927-064416).png,095-image-20260927-064416.png,Detection Rule 3 - Privileged Group Change,Analytics rule incident-creation settings,Yes,4d7b7067d4fef4f0
96,image(20260927-064444).png,096-image-20260927-064444.png,Detection Rule 3 - Privileged Group Change,Alert grouping/correlation settings,Yes,3386f69f4785657d
97,image(20260927-064700).png,097-image-20260927-064700.png,Detection Rule 3 - Privileged Group Change,Analytics rules list with Privileged AD Group Membership Change rule saved,Yes,5286cedfa1cd522c
98,image(20260927-065102).png,098-image-20260927-065102.png,Detection Rule 3 - Privileged Group Change,Create disabled soc-priv-test account and add it to Domain Admins,No special redaction,a99ad8dd63874594
99,image(20260927-065629).png,099-image-20260927-065629.png,Detection Rule 3 - Privileged Group Change,Event 4728 query while waiting for ingestion,No special redaction,dc99d55a245ff968
100,image(20260927-065905).png,100-image-20260927-065905.png,Detection Rule 3 - Privileged Group Change,Event 4728 appears in Sentinel,No special redaction,5333eb29961643e7
101,image(20260927-070039).png,101-image-20260927-070039.png,Detection Rule 3 - Privileged Group Change,Detailed privileged-group change query result,No special redaction,ec08be9b138ffff2
102,image(20260927-070328).png,102-image-20260927-070328.png,Detection Rule 3 - Privileged Group Change,Incidents view while waiting for privileged-group incident,No special redaction,25599248833fb0f8
103,image(20260927-072847).png,103-image-20260927-072847.png,Detection Rule 3 - Privileged Group Change,Incident queue after privileged group detection,No special redaction,45e9bb323a781d51
104,image(20260927-073100).png,104-image-20260927-073100.png,Detection Rule 3 - Privileged Group Change,KQL fields for privileged group membership change,No special redaction,ed2b91613cafa614
105,image(20260927-075306).png,105-image-20260927-075306.png,Detection Rule 3 - Privileged Group Change,Incident queue showing High-severity privileged group incident,No special redaction,253d9815542bb3f1
106,image(20260927-075541).png,106-image-20260927-075541.png,Detection Rule 3 - Privileged Group Change,Incident #4 - Privileged group membership changed overview,No special redaction,5f6183d1da64ebb7
107,image(20260927-075731).png,107-image-20260927-075731.png,Detection Rule 3 - Privileged Group Change,"Incident #4 custom details: actor, member, group and Event ID",No special redaction,58128579d5a5ff2a
108,image(20260927-080000).png,108-image-20260927-080000.png,Detection Rule 3 - Privileged Group Change,Remove soc-priv-test from Domain Admins and verify membership is gone,No special redaction,43fbb68f4d880778
109,image(20260927-080200).png,109-image-20260927-080200.png,Detection Rule 3 - Privileged Group Change,KQL showing both 4728 addition and 4729 removal events,Yes,68df045a18a1249e
110,image(20260927-081814).png,110-image-20260927-081814.png,Detection Rule 3 - Privileged Group Change,Incident settings for the next scheduled analytics rule,Yes,daacf69a44bf00a8
111,image(20260927-081832).png,111-image-20260927-081832.png,Detection Rule 3 - Privileged Group Change,Incident grouping/correlation configuration,Yes,efcdd4cc8cde533a
112,image(20260927-082407).png,112-image-20260927-082407.png,Detection Rule 4 - Suspicious PowerShell,Analytics rules list after Suspicious PowerShell rule was added,Yes,f4e59fc92574dd0e
113,image(20260927-094001).png,113-image-20260927-094001.png,Detection Rule 4 - Suspicious PowerShell,PowerShell/Sysmon query returning a controlled process event,Yes,9e2bab2b9c94fa8a
114,image(20260927-094246).png,114-image-20260927-094246.png,Detection Rule 4 - Suspicious PowerShell,Suspicious PowerShell indicator query with no rows during tuning,Yes,dc17e64e8aca9d82
115,image(20260927-094419).png,115-image-20260927-094419.png,Detection Rule 4 - Suspicious PowerShell,Parsed PowerShell process result used to refine rule logic,Yes,726d0ae6a63c1617
116,image(20260927-094535).png,116-image-20260927-094535.png,Detection Rule 4 - Suspicious PowerShell,Incident queue while validating PowerShell rule timing,Yes,c57aa7665101226c
117,image(20260927-094754).png,117-image-20260927-094754.png,Detection Rule 4 - Suspicious PowerShell,Final PowerShell detection query returning a controlled event,Yes,4d7eb079f7c1b179
118,image(20260927-100037).png,118-image-20260927-100037.png,Detection Rule 4 - Suspicious PowerShell,Incident queue after PowerShell detection test,Yes,3a1004ad269c3c33
119,image(20260927-100348).png,119-image-20260927-100348.png,Detection Rule 4 - Suspicious PowerShell,Analytics rule runs preview during troubleshooting,Yes,9fd7c9833c8be3c7
120,image(20260927-100837).png,120-image-20260927-100837.png,Detection Rule 4 - Suspicious PowerShell,PowerShell query with matching process telemetry,Yes,943e7862cbf49a23
121,image(20260927-101205).png,121-image-20260927-101205.png,Detection Rule 5 - Registry Persistence,Incident queue with Suspicious PowerShell incident,Yes,2a6cf288ac90dd0d
122,image(20260927-102648).png,122-image-20260927-102648.png,Detection Rule 5 - Registry Persistence,Analytics rules list including Registry Run-Key Persistence,Yes,54759746cb27af93
123,image(20260927-102945).png,123-image-20260927-102945.png,Detection Rule 5 - Registry Persistence,Generate SOC-RULE4-FINAL-TEST and create SOC-Lab-Persistence-Test Run value,No special redaction,68873d16d2ee5a5c
124,image(20260927-103203).png,124-image-20260927-103203.png,Detection Rule 5 - Registry Persistence,Sysmon Event ID 13 query for Run-key persistence,No special redaction,0d2baa945894da33
125,image(20260927-103756).png,125-image-20260927-103756.png,Detection Rule 5 - Registry Persistence,Incident queue showing Registry Run-Key Persistence incident,No special redaction,f0aab8f5c9e905c6
126,image(20260927-104831).png,126-image-20260927-104831.png,Detection Rule 5 - Registry Persistence,Registry persistence alert details / custom fields,No special redaction,1fc7eb19dc88dcad
127,image(20260927-105134).png,127-image-20260927-105134.png,Detection Rule 5 - Registry Persistence,Remove SOC-Lab-Persistence-Test and verify registry value absent,No special redaction,0a54cd25b894de64
128,image(20260927-105248).png,128-image-20260927-105248.png,Detection Rule 5 - Registry Persistence,Local Sysmon Event ID 12 deletion verification,No special redaction,25a5578b4d013437
129,image(20260927-105631).png,129-image-20260927-105631.png,Detection Rule 5 - Registry Persistence,Sentinel query showing registry deletion telemetry,No special redaction,8491fd2f7acedc3c
130,image(20260927-111015).png,130-image-20260927-111015.png,Detection Rule 6 - Account Lockout and Recovery,test-user baseline Enabled/badPwdCount/LockedOut state,No special redaction,1256c6a07bb1778c
131,image(20260927-111123).png,131-image-20260927-111123.png,Detection Rule 6 - Account Lockout and Recovery,"Default domain account-lockout policy (threshold 5, 10-minute duration/window)",No special redaction,135172df98dc5440
132,image(20260927-111807).png,132-image-20260927-111807.png,Detection Rule 6 - Account Lockout and Recovery,Controlled authentication attempts and account-state checks,No special redaction,d2533a4723b2b4de
133,image(20260927-112112).png,133-image-20260927-112112.png,Detection Rule 6 - Account Lockout and Recovery,net use failed-password test plus badPwdCount validation,No special redaction,5b8020b5ccc955d1
134,image(20260927-113435).png,134-image-20260927-113435.png,Detection Rule 6 - Account Lockout and Recovery,badPwdCount intermediate state check,No special redaction,67118561cbf40444
135,image(20260927-113649).png,135-image-20260927-113649.png,Detection Rule 6 - Account Lockout and Recovery,badPwdCount observation-window behavior during test,No special redaction,faf29adb78d948ac
136,image(20260927-113904).png,136-image-20260927-113904.png,Detection Rule 6 - Account Lockout and Recovery,test-user reaches badPwdCount 5 and LockedOut=True,No special redaction,9375decfe7a40f99
137,image(20260927-114004).png,137-image-20260927-114004.png,Detection Rule 6 - Account Lockout and Recovery,Local Security Event ID 4740 verification,No special redaction,ece8fb167e03b09b
138,image(20260927-114154).png,138-image-20260927-114154.png,Detection Rule 6 - Account Lockout and Recovery,Sentinel Event ID 4740 query result,No special redaction,563c2855b5911205
139,image(20260927-114731).png,139-image-20260927-114731.png,Detection Rule 6 - Account Lockout and Recovery,Incident queue showing AD Account Lockout incident,No special redaction,9ef6dd2a1c2dc926
140,image(20260927-115016).png,140-image-20260927-115016.png,Detection Rule 6 - Account Lockout and Recovery,Account Lockout incident alert details with LockedAccount and CallerComputer,No special redaction,254876c74c8ce162
141,image(20260927-115156).png,141-image-20260927-115156.png,Detection Rule 6 - Account Lockout and Recovery,Unlock-ADAccount response and state verification,No special redaction,b3cd402351bce6fb
142,image(20260927-115259).png,142-image-20260927-115259.png,Detection Rule 6 - Account Lockout and Recovery,Local Security Event ID 4767 account-unlock verification,No special redaction,b7b1b82929950d97
143,image(20260927-115428).png,143-image-20260927-115428.png,Detection Rule 6 - Account Lockout and Recovery,Sentinel Event ID 4767 recovery query,Yes,188269922033cc43
144,image(20260927-115946).png,144-image-20260927-115946.png,Threat Hunting,Threat Hunt #1 - failed logon summary by account/source IP,Yes,6067a11bef9e5e6b
145,image(20260927-120223).png,145-image-20260927-120223.png,Threat Hunting,Threat Hunt #2 - AD account and group changes,Yes,23e834212264bb81
146,image(20260927-120405).png,146-image-20260927-120405.png,Threat Hunting,Threat Hunt #3 - suspicious PowerShell,Yes,ae8b7a447450811a
147,image(20260927-120517).png,147-image-20260927-120517.png,Threat Hunting,Threat Hunt #4 - registry persistence intermediate result,Yes,4c333b3cd8a0d3e1
148,image(20260927-120649).png,148-image-20260927-120649.png,Threat Hunting,Threat Hunt #4 - final SetValue/DeleteValue registry timeline,Yes,3c104919930b869a
149,image(20260927-120842).png,149-image-20260927-120842.png,Threat Hunting,Authentication event exploration during hunting,Yes,7e98362472b59f0c
150,image(20260927-120951).png,150-image-20260927-120951.png,Threat Hunting,Failed-logon activity details used for correlation,Yes,92ce35590cabd796
151,image(20260927-121158).png,151-image-20260927-121158.png,Threat Hunting,Complex account timeline KQL error captured for troubleshooting,No special redaction,b52d655ae2f34dd3
152,image(20260927-121311).png,152-image-20260927-121311.png,Threat Hunting,Threat Hunt #5 - final compact account lockout/recovery timeline,Yes,2170000db50643a3
153,image(20260927-121843).png,153-image-20260927-121843.png,SOAR Automation Build and Troubleshooting,Create Enhanced automation rule - initial screen,No special redaction,86b1c09c1ecc4afd
154,image(20260927-121959).png,154-image-20260927-121959.png,SOAR Automation Build and Troubleshooting,Enhanced automation trigger options,No special redaction,04831b550691d9c4
155,image(20260927-122130).png,155-image-20260927-122130.png,SOAR Automation Build and Troubleshooting,"Enhanced rule name, When case is created trigger and case-type condition",Yes,86921e752f20bf2a
156,image(20260927-122151).png,156-image-20260927-122151.png,SOAR Automation Build and Troubleshooting,Enhanced automation initial action area,Yes,90399bc63a0756fe
157,image(20260927-122423).png,157-image-20260927-122423.png,SOAR Automation Build and Troubleshooting,Case type = Incident condition,Yes,560cff9d8b429f8b
158,image(20260927-122516).png,158-image-20260927-122516.png,SOAR Automation Build and Troubleshooting,Automation condition property selector,No special redaction,cbebf54813bc0191
159,image(20260927-122710).png,159-image-20260927-122710.png,SOAR Automation Build and Troubleshooting,Analytics Rule Name condition configuration,Yes,201df04ead33a6b4
160,image(20260927-122808).png,160-image-20260927-122808.png,SOAR Automation Build and Troubleshooting,Condition bound to Suspicious PowerShell Command Execution,Yes,33351fe7a4ef7c18
161,image(20260927-122946).png,161-image-20260927-122946.png,SOAR Automation Build and Troubleshooting,Final Enhanced rule condition using Any of,Yes,b2b18dcb1644a6bb
162,image(20260927-123133).png,162-image-20260927-123133.png,SOAR Automation Build and Troubleshooting,Select Create case tasks action,No special redaction,0a5407b70b7686ce
163,image(20260927-123235).png,163-image-20260927-123235.png,SOAR Automation Build and Troubleshooting,Create-case-task editor,Yes,47bc65bdfca3e7fa
164,image(20260927-123449).png,164-image-20260927-123449.png,SOAR Automation Build and Troubleshooting,Task 1 - Review PowerShell process and command line,Yes,db2f8765ca871ba6
165,image(20260927-123621).png,165-image-20260927-123621.png,SOAR Automation Build and Troubleshooting,Additional task configuration for investigation workflow,Yes,2ad6235066bfe20d
166,image(20260927-123645).png,166-image-20260927-123645.png,SOAR Automation Build and Troubleshooting,Final task/action configuration before save,Yes,b088035124bf354e
167,image(20260927-123945).png,167-image-20260927-123945.png,SOAR Automation Build and Troubleshooting,Enhanced automation rule active,Yes,28ff0831deea5f82
168,image(20260927-124436).png,168-image-20260927-124436.png,SOAR Automation Build and Troubleshooting,Local SOAR test PowerShell execution and Sysmon validation,No special redaction,a1b1e5c7d3e86149
169,image(20260927-124613).png,169-image-20260927-124613.png,SOAR Automation Build and Troubleshooting,Sentinel query for SOC-SOAR-AUTOMATION-TEST marker,No special redaction,03158ce09c72220d
170,image(20260927-124728).png,170-image-20260927-124728.png,SOAR Automation Build and Troubleshooting,Incident #7 PowerShell overview during first automation test,No special redaction,0c3815ba45221285
171,image(20260927-125019).png,171-image-20260927-125019.png,SOAR Automation Build and Troubleshooting,Incident #7 grouped PowerShell alerts,No special redaction,4d56fd86abf7f720
172,image(20260927-125300).png,172-image-20260927-125300.png,SOAR Automation Build and Troubleshooting,Local SOAR test markers 1 and 2 with Sysmon Event ID 1 verification,No special redaction,d7eb988081615f05
173,image(20260927-125430).png,173-image-20260927-125430.png,SOAR Automation Build and Troubleshooting,Sentinel query for second automation test marker,No special redaction,b6d2c75855824806
174,image(20260927-125711).png,174-image-20260927-125711.png,SOAR Automation Build and Troubleshooting,Incident #10 Tasks panel showing only default task,No special redaction,214806b256ae4037
175,image(20260927-125957).png,175-image-20260927-125957.png,SOAR Automation Build and Troubleshooting,Enhanced automation rule run history with no successful custom-task evidence,No special redaction,939ae896dc5a17b6
176,image(20260927-132305).png,176-image-20260927-132305.png,SOAR Automation Build and Troubleshooting,Incident #10 Tasks panel confirming custom tasks were not added,No special redaction,e1ef3b14155907e0
177,image(20260927-132459).png,177-image-20260927-132459.png,SOAR Automation Build and Troubleshooting,Create Standard automation rule,No special redaction,7999900f59eb69a1
178,image(20260927-132619).png,178-image-20260927-132619.png,SOAR Automation Build and Troubleshooting,Standard rule conditions/actions; remove unnecessary playbook action,No special redaction,026229cde5da805d
179,image(20260927-132907).png,179-image-20260927-132907.png,SOAR Automation Build and Troubleshooting,Standard Add task action configuration,No special redaction,885d584eb9a56169
180,image(20260927-133259).png,180-image-20260927-133259.png,SOAR Automation Build and Troubleshooting,Standard PowerShell automation rule active,No special redaction,fc8aafe7d3183548
181,image(20260927-133320).png,181-image-20260927-133320.png,SOAR Automation Build and Troubleshooting,Automation page showing Standard rule and legacy Enhanced rule during transition,No special redaction,efb656d9d4f581c9
182,image(20260927-133737).png,182-image-20260927-133737.png,Final SOAR Validation,Local final SOAR test and Sysmon Event ID 1 verification,No special redaction,3122e39daad9f2e5
183,image(20260927-133852).png,183-image-20260927-133852.png,Final SOAR Validation,Sentinel final SOC-SOAR-FINAL-TEST query returning one row,Yes,5980c861fc555581
184,image(20260927-135440).png,184-image-20260927-135440.png,Final SOAR Validation,Incident #11 with all three automatically-created investigation tasks,Yes,c21b07a394dff664
185,image(1).png,185-image-1.png,Azure Arc Onboarding and Service Principal Troubleshooting,Initial Azure Arc connect attempt: device-code failure and service-principal variables (public copy redacted),Yes,e04a6dce9dfeb575
186,image(2).png,186-image-2.png,Azure Arc Onboarding and Service Principal Troubleshooting,Azure Arc service-principal / tenant troubleshooting errors (public copy redacted),Yes,a4d28a11e6298fa8
187,image(3).png,187-image-3.png,Azure Arc Onboarding and Service Principal Troubleshooting,Azure subscription IAM / current access review,Yes,5662576e1ee43ac4
188,image(4).png,188-image-4.png,Azure Arc Onboarding and Service Principal Troubleshooting,Add role assignment - choose temporary role,Yes,8cfcb0b01da673c0
189,image(5).png,189-image-5.png,Azure Arc Onboarding and Service Principal Troubleshooting,Add role assignment - select member,Yes,07e39d23579846c6
190,image(6).png,190-image-6.png,Azure Arc Onboarding and Service Principal Troubleshooting,Azure Arc connect attempt showing invalid client-secret error (public copy redacted),Yes,c9266824b46c02e4
191,image(7).png,191-image-7.png,Azure Arc Onboarding and Service Principal Troubleshooting,Azure Arc service-principal connection attempt and resource creation output (redacted),Yes,e1db112bc371e12b
192,image(8).png,192-image-8.png,Azure Arc Onboarding and Service Principal Troubleshooting,azcmagent show status after connection (identifiers redacted),Yes,122c8f83f05e0f24
193,image(9).png,193-image-9.png,Azure Arc Onboarding and Service Principal Troubleshooting,Detailed azcmagent show / Arc status output (identifiers redacted),Yes,3394a3e871860dde
194,image(10).png,194-image-10.png,Microsoft Sentinel Content Hub,Microsoft Sentinel Content Hub / workspace navigation,Yes,50948d4ef28d71a8
195,image.png,195-image.png,Azure Service Principal Setup,Create Azure service principal form (credential values intentionally not shown),Yes,796afca5cf5011c4
196,0f61dcd9-9d0c-46b4-b332-4beaee57755f.png,196-0f61dcd9-9d0c-46b4-b332-4beaee57755f.png,Azure Arc Onboarding Wizard,Azure Arc onboarding wizard - management options,Yes,4f24f3ac8f4fe6ba
197,20e4fb74-e5f9-4e2a-80da-37286257fb18.png,197-20e4fb74-e5f9-4e2a-80da-37286257fb18.png,Azure Arc Onboarding Wizard,Azure Arc onboarding wizard - connectivity method,Yes,7477b77723e38d91
198,2d599c7d-5dd2-493b-8aa3-94846891b338.png,198-2d599c7d-5dd2-493b-8aa3-94846891b338.png,Log Analytics Workspace,Log Analytics workspace listing,Yes,d55be1bb2b9dadb3
199,3d74552a-48dc-4ac7-a912-1b9adf36a875.png,199-3d74552a-48dc-4ac7-a912-1b9adf36a875.png,Azure Cost / Credits,Azure credits remaining during lab,No special redaction,08efe14f4288977a
200,44bafe5b-004f-4de0-a468-9a356d55797a.png,200-44bafe5b-004f-4de0-a468-9a356d55797a.png,Azure Arc Tags,Azure Arc onboarding wizard - tags,Yes,e66a07764d744d8d
201,4c734dc8-2e64-4f30-bc28-e2de82626370.png,201-4c734dc8-2e64-4f30-bc28-e2de82626370.png,Log Analytics Workspace,Log Analytics workspace overview (identifiers redacted),Yes,7c1f4b7974f53ccd
202,51630fb2-90d2-4184-97fb-8ca02616ffce.png,202-51630fb2-90d2-4184-97fb-8ca02616ffce.png,Azure Resource Provider Registration,Azure subscription resource provider registration page,Yes,93dcd6c4971f160f
203,53780afe-960a-4f21-bbfb-d8e16fc085f2.png,203-53780afe-960a-4f21-bbfb-d8e16fc085f2.png,Azure Arc Onboarding Wizard,Azure Arc onboarding wizard - authentication method,Yes,39dbcc7dfa599731
204,858495ee-543a-4e72-abc7-589a1fc66012.png,204-858495ee-543a-4e72-abc7-589a1fc66012.png,Azure Arc Onboarding Wizard,Azure Arc onboarding wizard - management settings,Yes,542eba2f7c4e0c30
205,8cbef92d-cb04-4c1d-be98-62b00830d795.png,205-8cbef92d-cb04-4c1d-be98-62b00830d795.png,Azure Arc Onboarding Wizard,Azure Arc onboarding wizard - server/resource details,Yes,9263b2927be2c1cc
206,9f0c9337-fdb6-454b-8d8e-d38104a414d4.png,206-9f0c9337-fdb6-454b-8d8e-d38104a414d4.png,Azure Arc Onboarding Wizard,Azure Arc machines page before/while onboarding,Yes,ceebdc8776c2ac67
207,bf51b175-379f-4775-afb0-4ae16a0b261e.png,207-bf51b175-379f-4775-afb0-4ae16a0b261e.png,Azure Arc Device-Code Authentication Troubleshooting,Device-code browser sign-in blocked by security configuration,No special redaction,6d897c69f6715c62
208,c79bda75-5a46-4b6d-8f16-756b7171e0bf.png,208-c79bda75-5a46-4b6d-8f16-756b7171e0bf.png,Microsoft Sentinel Logs,Microsoft Sentinel Logs initial view,Yes,36304af6119e9975
209,eeb49200-fb3e-477a-9dcf-9585a175538a.png,209-eeb49200-fb3e-477a-9dcf-9585a175538a.png,Log Analytics Workspace Deployment,Log Analytics workspace deployment complete,Yes,378a3f3d3d0e6ad6
